{
    "telegram": "Groupe Telegram",
    "disclaimer": "Avertissement",
    "claim": "Réclamer vos HEX gratuits",
    "manage_nano": "Manage your HEX with your Ledger Nano",
    "manage": "Manage my HEXs",
    "connect_usb": "Connect through USB",
    "connect_ble": "Connect through Bluetooth",
    "select_wallet": "Select your wallet",
    "enter_lobby": "📥 Enter Lobby",
    "exit_lobby": "📤 Exit Lobby",
    "start_stake": "🔏 Start Stake",
    "end_take": "🔓 End Stake",
    "good_accounting": "🔓 Good Accounting",
    "transfer": "💸 Transfer",
    "buy_sell": "🦄 Buy/Sell HEX on Uniswap",
    "send_tips": "💡 Send tips",
    "cancel_transaction": "❌ Cancel last pending transaction"
}