{
  "dir": "ltr",
  "lang": "en-us",
  "name": "appHEX",
  "scope": "/",
  "start_url": "./?utm_source=web_app_manifest",
  "display": "standalone",
  "short_name": "appHEX",
  "theme_color": "transparent",
  "description": "Manage your HEX within dapp browsers",
  "orientation": "any",
  "background_color": "transparent",
  "related_applications": [],
  "prefer_related_applications": false,
  "icons": [
    {
      "src": "icons/icon-72x72.png",
      "sizes": "72x72",
      "type": "image/png"
    },
    {
      "src": "icons/icon-96x96.png",
      "sizes": "96x96",
      "type": "image/png"
    },
    {
      "src": "icons/icon-128x128.png",
      "sizes": "128x128",
      "type": "image/png"
    },
    {
      "src": "icons/icon-144x144.png",
      "sizes": "144x144",
      "type": "image/png"
    },
    {
      "src": "icons/icon-152x152.png",
      "sizes": "152x152",
      "type": "image/png"
    },
    {
      "src": "icons/icon-192x192.png",
      "sizes": "192x192",
      "type": "image/png"
    },
    {
      "src": "icons/icon-384x384.png",
      "sizes": "384x384",
      "type": "image/png"
    },
    {
      "src": "icons/icon-512x512.png",
      "sizes": "512x512",
      "type": "image/png"
    }
  ],
  "splash_pages": null
}